Type,Product,Amount,Balance,Year,Month,Day,Weekday,Hour,Amount_Abs,Description_Anon,Merchant_Category,Country,City
Topup,Current,1003.26,2503.26,2024,9,3,Tuesday,23,1003.26,Salary Payment,Income & Deposits,Belgium,Brussels
Topup,Savings,1998.74,4502.0,2024,9,4,Wednesday,16,1998.74,Investment Return,Income & Deposits,Belgium,Brussels
Card Payment,Savings,-33.72,4468.28,2024,9,5,Thursday,14,33.72,Fritland,Food & Dining,Belgium,Brussels
Reward,Deposit,3.99,4472.27,2024,9,6,Friday,13,3.99,Salary Payment,Income & Deposits,Belgium,Brussels
Transfer,Current,-18.41,4453.86,2024,9,7,Saturday,16,18.41,Payment Received,Transfers & Payments,Belgium,Brussels
Card Payment,Current,-15.93,4437.93,2024,9,8,Sunday,14,15.93,Delhaize,Food & Dining,Belgium,Brussels
Card Payment,Current,-65.36,4372.57,2024,9,8,Sunday,21,65.36,H&M Brussels,Shopping & Retail,Belgium,Brussels
Transfer,Savings,-32.74,4339.83,2024,9,10,Tuesday,6,32.74,Pocket Withdrawal,Transfers & Payments,Belgium,Brussels
Card Payment,Deposit,-55.26,4284.57,2024,9,10,Tuesday,7,55.26,Phone Company,Utilities & Bills,Belgium,Brussels
Transfer,Savings,-110.18,4174.39,2024,9,11,Wednesday,19,110.18,Payment Received,Transfers & Payments,Belgium,Brussels
Card Payment,Current,-17.82,4156.57,2024,9,11,Wednesday,11,17.82,Delhaize,Food & Dining,Belgium,Brussels
Card Payment,Savings,-38.75,4117.82,2024,9,12,Thursday,9,38.75,Belgian Waffle House,Food & Dining,Belgium,Brussels
Card Payment,Current,-69.92,4047.9,2024,9,13,Friday,18,69.92,Delhaize,Food & Dining,Belgium,Brussels
Transfer,Current,-31.28,4016.62,2024,9,14,Saturday,17,31.28,Bank Transfer,Transfers & Payments,Belgium,Brussels
Card Payment,Deposit,-8.05,4008.57,2024,9,14,Saturday,20,8.05,Fritland,Food & Dining,Belgium,Brussels
Card Payment,Current,-12.66,3995.91,2024,9,14,Saturday,19,12.66,Cinema,Entertainment & Recreation,Belgium,Brussels
Card Payment,Deposit,-46.25,3949.66,2024,9,14,Saturday,11,46.25,STIB-MIVB,Transportation,Belgium,Brussels
Transfer,Current,-36.53,3913.13,2024,9,14,Saturday,10,36.53,Payment Received,Transfers & Payments,Belgium,Brussels
Card Payment,Current,-3.98,3909.15,2024,9,15,Sunday,10,3.98,Delhaize,Food & Dining,Belgium,Brussels
Transfer,Deposit,-55.13,3854.02,2024,9,15,Sunday,12,55.13,Pocket Withdrawal,Transfers & Payments,Belgium,Brussels
Card Payment,Savings,-24.38,3829.64,2024,9,16,Monday,10,24.38,Carrefour,Food & Dining,Belgium,Brussels
Card Payment,Deposit,-59.69,3769.95,2024,9,16,Monday,15,59.69,Fritland,Food & Dining,Belgium,Brussels
Transfer,Savings,-27.55,3742.4,2024,9,18,Wednesday,18,27.55,Bank Transfer,Transfers & Payments,Belgium,Brussels
Card Payment,Current,-6.72,3735.68,2024,9,18,Wednesday,13,6.72,Bolt Brussels,Transportation,Belgium,Brussels
Card Payment,Deposit,-9.92,3725.76,2024,9,20,Friday,7,9.92,Delhaize,Food & Dining,Belgium,Brussels
Card Payment,Savings,-30.89,3694.87,2024,9,21,Saturday,18,30.89,SNCB,Transportation,Belgium,Brussels
Card Refund,Current,47.87,3742.74,2024,9,22,Sunday,19,47.87,SNCB,Transportation,Belgium,Brussels
Card Payment,Savings,-33.52,3709.22,2024,9,23,Monday,18,33.52,Carrefour,Food & Dining,Belgium,Brussels
Card Payment,Savings,-31.8,3677.42,2024,9,23,Monday,18,31.8,Laundry Service,Personal Care & Services,Belgium,Brussels
Reward,Current,3.64,3681.06,2024,9,23,Monday,11,3.64,Salary Payment,Income & Deposits,Belgium,Brussels
Card Payment,Deposit,-13.72,3667.34,2024,9,24,Tuesday,19,13.72,Gas Company,Utilities & Bills,Belgium,Brussels
Transfer,Savings,-100.08,3567.26,2024,9,24,Tuesday,18,100.08,Payment Received,Transfers & Payments,Belgium,Brussels
Card Payment,Savings,-65.7,3501.56,2024,9,25,Wednesday,14,65.7,Internet Provider,Utilities & Bills,Belgium,Brussels
Card Refund,Current,74.51,3576.07,2024,9,28,Saturday,23,74.51,SNCB,Transportation,Belgium,Brussels
Card Payment,Savings,-27.13,3548.94,2024,9,28,Saturday,11,27.13,Zara Brussels,Shopping & Retail,Belgium,Brussels
Card Refund,Current,67.46,3616.4,2024,9,28,Saturday,15,67.46,STIB-MIVB,Transportation,Belgium,Brussels
Card Payment,Savings,-24.95,3591.45,2024,9,29,Sunday,13,24.95,Fritland,Food & Dining,Belgium,Brussels
Card Payment,Savings,-54.71,3536.74,2024,10,1,Tuesday,19,54.71,Laundry Service,Personal Care & Services,Belgium,Brussels
Transfer,Current,-92.08,3444.66,2024,10,2,Wednesday,13,92.08,Pocket Withdrawal,Transfers & Payments,Belgium,Brussels
Topup,Savings,1004.96,4449.62,2024,10,5,Saturday,14,1004.96,Refund,Income & Deposits,Belgium,Brussels
Exchange,Deposit,113.39,4563.01,2024,10,8,Tuesday,19,113.39,Belgian Chocolate Shop,Other,Belgium,Brussels
Transfer,Savings,-43.97,4519.04,2024,10,8,Tuesday,19,43.97,Bank Transfer,Transfers & Payments,Belgium,Brussels
Card Payment,Deposit,-9.44,4509.6,2024,10,8,Tuesday,17,9.44,Zara Brussels,Shopping & Retail,Belgium,Brussels
Card Payment,Savings,-5.57,4504.03,2024,10,9,Wednesday,12,5.57,Colruyt,Food & Dining,Belgium,Brussels
Card Payment,Deposit,-55.14,4448.89,2024,10,10,Thursday,11,55.14,STIB-MIVB,Transportation,Belgium,Brussels
Transfer,Deposit,-54.72,4394.17,2024,10,12,Saturday,18,54.72,Money Transfer,Transfers & Payments,Belgium,Brussels
Card Payment,Deposit,-29.51,4364.66,2024,10,12,Saturday,10,29.51,Colruyt,Food & Dining,Belgium,Brussels
Card Payment,Current,-76.83,4287.83,2024,10,14,Monday,14,76.83,Internet Provider,Utilities & Bills,Belgium,Brussels
Card Payment,Savings,-27.57,4260.26,2024,10,14,Monday,7,27.57,Colruyt,Food & Dining,Belgium,Brussels
Fee,Savings,-3.58,4256.68,2024,10,15,Tuesday,10,3.58,Transaction Fee,Fees & Charges,Belgium,Brussels
Card Payment,Savings,-3.53,4253.15,2024,10,16,Wednesday,10,3.53,Colruyt,Food & Dining,Belgium,Brussels
Card Payment,Savings,-62.71,4190.44,2024,10,16,Wednesday,15,62.71,SNCB,Transportation,Belgium,Brussels
Card Payment,Savings,-119.46,4070.98,2024,10,16,Wednesday,18,119.46,SNCB,Transportation,Belgium,Brussels
Card Payment,Current,-54.57,4016.41,2024,10,17,Thursday,19,54.57,Belgian Waffle House,Food & Dining,Belgium,Brussels
Card Payment,Savings,-21.94,3994.47,2024,10,18,Friday,15,21.94,SNCB,Transportation,Belgium,Brussels
Card Payment,Current,-87.3,3907.17,2024,10,19,Saturday,11,87.3,Aldi,Food & Dining,Belgium,Brussels
Card Payment,Savings,-28.87,3878.3,2024,10,19,Saturday,17,28.87,STIB-MIVB,Transportation,Belgium,Brussels
Card Payment,Deposit,-38.31,3839.99,2024,10,20,Sunday,16,38.31,STIB-MIVB,Transportation,Belgium,Brussels
Interest,Deposit,0.74,3840.73,2024,10,20,Sunday,20,0.74,Bank Interest,Financial Services,Belgium,Brussels
Card Payment,Deposit,-6.38,3834.35,2024,10,21,Monday,16,6.38,Belgian Waffle House,Food & Dining,Belgium,Brussels
Card Payment,Savings,-28.09,3806.26,2024,10,21,Monday,13,28.09,Colruyt,Food & Dining,Belgium,Brussels
Transfer,Deposit,-42.87,3763.39,2024,10,23,Wednesday,11,42.87,Money Transfer,Transfers & Payments,Belgium,Brussels
Card Payment,Current,-34.72,3728.67,2024,10,25,Friday,15,34.72,Gym Membership,Entertainment & Recreation,Belgium,Brussels
Card Refund,Savings,76.52,3805.19,2024,10,26,Saturday,12,76.52,Colruyt,Food & Dining,Belgium,Brussels
Transfer,Current,-33.3,3771.89,2024,10,27,Sunday,13,33.3,Payment Received,Transfers & Payments,Belgium,Brussels
Transfer,Deposit,-52.34,3719.55,2024,10,27,Sunday,13,52.34,Pocket Withdrawal,Transfers & Payments,Belgium,Brussels
Transfer,Deposit,-65.26,3654.29,2024,10,28,Monday,12,65.26,Bank Transfer,Transfers & Payments,Belgium,Brussels
Card Payment,Deposit,-2.92,3651.37,2024,10,29,Tuesday,22,2.92,Belgian Waffle House,Food & Dining,Belgium,Brussels
Card Payment,Current,-13.08,3638.29,2024,10,30,Wednesday,13,13.08,Gas Company,Utilities & Bills,Belgium,Brussels
Card Payment,Deposit,-66.54,3571.75,2024,10,31,Thursday,23,66.54,SNCB,Transportation,Belgium,Brussels
Card Payment,Current,-34.65,3537.1,2024,11,2,Saturday,18,34.65,Belgian Waffle House,Food & Dining,Belgium,Brussels
Card Payment,Savings,-17.88,3519.22,2024,11,2,Saturday,19,17.88,Water Utility,Utilities & Bills,Belgium,Brussels
Topup,Current,1002.84,4522.06,2024,11,3,Sunday,16,1002.84,Freelance Payment,Income & Deposits,Belgium,Brussels
Card Refund,Current,45.74,4567.8,2024,11,4,Monday,14,45.74,MediaMarkt,Shopping & Retail,Belgium,Brussels
Card Payment,Deposit,-14.61,4553.19,2024,11,5,Tuesday,7,14.61,STIB-MIVB,Transportation,Belgium,Brussels
Transfer,Deposit,-622.55,3930.64,2024,11,5,Tuesday,14,622.55,Payment Received,Transfers & Payments,Belgium,Brussels
Interest,Deposit,0.35,3930.99,2024,11,7,Thursday,3,0.35,Savings Interest,Financial Services,Belgium,Brussels
Transfer,Savings,-64.03,3866.96,2024,11,7,Thursday,17,64.03,Payment Received,Transfers & Payments,Belgium,Brussels
Card Payment,Deposit,-18.15,3848.81,2024,11,7,Thursday,8,18.15,Colruyt,Food & Dining,Belgium,Brussels
Card Payment,Deposit,-24.18,3824.63,2024,11,8,Friday,22,24.18,Hair Salon,Personal Care & Services,Belgium,Brussels
Card Payment,Savings,-12.12,3812.51,2024,11,9,Saturday,11,12.12,Delhaize,Food & Dining,Belgium,Brussels
Transfer,Savings,3.34,3815.85,2024,11,10,Sunday,10,3.34,Payment Received,Transfers & Payments,Belgium,Brussels
Fee,Deposit,-13.1,3802.75,2024,11,10,Sunday,10,13.1,Monthly Fee,Fees & Charges,Belgium,Brussels
Card Payment,Current,-35.79,3766.96,2024,11,11,Monday,18,35.79,Fritland,Food & Dining,Belgium,Brussels
Transfer,Current,-78.56,3688.4,2024,11,12,Tuesday,0,78.56,Bank Transfer,Transfers & Payments,Belgium,Brussels
Card Payment,Current,-21.21,3667.19,2024,11,15,Friday,18,21.21,MediaMarkt,Shopping & Retail,Belgium,Brussels
Transfer,Deposit,23.53,3690.72,2024,11,16,Saturday,13,23.53,Bank Transfer,Transfers & Payments,Belgium,Brussels
Card Payment,Current,-5.87,3684.85,2024,11,16,Saturday,13,5.87,Belgian Waffle House,Food & Dining,Belgium,Brussels
Card Payment,Deposit,-49.2,3635.65,2024,11,17,Sunday,13,49.2,Streaming Service,Entertainment & Recreation,Belgium,Brussels
Card Payment,Current,-21.98,3613.67,2024,11,17,Sunday,18,21.98,STIB-MIVB,Transportation,Belgium,Brussels
Fee,Savings,-13.92,3599.75,2024,11,18,Monday,16,13.92,Transaction Fee,Fees & Charges,Belgium,Brussels
Card Payment,Current,-21.09,3578.66,2024,11,22,Friday,13,21.09,Carrefour,Food & Dining,Belgium,Brussels
Card Payment,Savings,-31.77,3546.89,2024,11,23,Saturday,13,31.77,De Lijn,Transportation,Belgium,Brussels
Card Payment,Current,-22.35,3524.54,2024,11,23,Saturday,13,22.35,Carrefour,Food & Dining,Belgium,Brussels
Card Payment,Savings,-49.92,3474.62,2024,11,25,Monday,2,49.92,Colruyt,Food & Dining,Belgium,Brussels
Card Payment,Savings,-6.91,3467.71,2024,11,25,Monday,11,6.91,MediaMarkt,Shopping & Retail,Belgium,Brussels
Card Payment,Deposit,-33.35,3434.36,2024,11,26,Tuesday,9,33.35,Delhaize,Food & Dining,Belgium,Brussels
Transfer,Current,-67.78,3366.58,2024,11,27,Wednesday,19,67.78,Money Transfer,Transfers & Payments,Belgium,Brussels
Card Payment,Savings,-11.14,3355.44,2024,11,28,Thursday,14,11.14,Zara Brussels,Shopping & Retail,Belgium,Brussels
Transfer,Savings,-24.84,3330.6,2024,11,28,Thursday,5,24.84,Payment Received,Transfers & Payments,Belgium,Brussels
Card Payment,Deposit,-18.13,3312.47,2024,11,29,Friday,9,18.13,Colruyt,Food & Dining,Belgium,Brussels
Card Payment,Deposit,-32.61,3279.86,2024,11,29,Friday,18,32.61,Fritland,Food & Dining,Belgium,Brussels
Card Payment,Savings,-7.71,3272.15,2024,11,30,Saturday,12,7.71,Colruyt,Food & Dining,Belgium,Brussels
Transfer,Current,-31.74,3240.41,2024,12,1,Sunday,10,31.74,Pocket Withdrawal,Transfers & Payments,Belgium,Brussels
Topup,Savings,1003.74,4244.15,2024,12,4,Wednesday,23,1003.74,Investment Return,Income & Deposits,Belgium,Brussels
Card Payment,Savings,-53.44,4190.71,2024,12,5,Thursday,21,53.44,STIB-MIVB,Transportation,Belgium,Brussels
Card Payment,Current,-24.21,4166.5,2024,12,7,Saturday,17,24.21,Electric Company,Utilities & Bills,Belgium,Brussels
Card Payment,Current,-27.52,4138.98,2024,12,9,Monday,8,27.52,Carrefour,Food & Dining,Belgium,Brussels
Card Payment,Savings,-9.71,4129.27,2024,12,9,Monday,17,9.71,Aldi,Food & Dining,Belgium,Brussels
Card Payment,Deposit,-20.27,4109.0,2024,12,9,Monday,19,20.27,Zara Brussels,Shopping & Retail,Belgium,Brussels
Card Payment,Savings,-48.4,4060.6,2024,12,10,Tuesday,5,48.4,Colruyt,Food & Dining,Belgium,Brussels
Card Payment,Current,-19.56,4041.04,2024,12,10,Tuesday,8,19.56,H&M Brussels,Shopping & Retail,Belgium,Brussels
Card Payment,Current,-78.89,3962.15,2024,12,11,Wednesday,11,78.89,Colruyt,Food & Dining,Belgium,Brussels
Card Refund,Savings,74.83,4036.98,2024,12,11,Wednesday,19,74.83,H&M Brussels,Shopping & Retail,Belgium,Brussels
Transfer,Deposit,-76.35,3960.63,2024,12,11,Wednesday,18,76.35,Money Transfer,Transfers & Payments,Belgium,Brussels
Card Payment,Deposit,-33.16,3927.47,2024,12,12,Thursday,12,33.16,Water Utility,Utilities & Bills,Belgium,Brussels
Card Payment,Current,-13.15,3914.32,2024,12,12,Thursday,18,13.15,Internet Provider,Utilities & Bills,Belgium,Brussels
Interest,Deposit,0.2,3914.52,2024,12,14,Saturday,10,0.2,Bank Interest,Financial Services,Belgium,Brussels
Card Payment,Current,-77.04,3837.48,2024,12,15,Sunday,16,77.04,Bolt Brussels,Transportation,Belgium,Brussels
Transfer,Savings,-18.05,3819.43,2024,12,15,Sunday,23,18.05,Bank Transfer,Transfers & Payments,Belgium,Brussels
Transfer,Current,-38.39,3781.04,2024,12,17,Tuesday,15,38.39,Bank Transfer,Transfers & Payments,Belgium,Brussels
Transfer,Current,-105.48,3675.56,2024,12,18,Wednesday,21,105.48,Payment Received,Transfers & Payments,Belgium,Brussels
Card Payment,Savings,-13.85,3661.71,2024,12,19,Thursday,14,13.85,STIB-MIVB,Transportation,Belgium,Brussels
Card Payment,Savings,-57.01,3604.7,2024,12,20,Friday,11,57.01,SNCB,Transportation,Belgium,Brussels
Card Payment,Current,-19.9,3584.8,2024,12,20,Friday,18,19.9,Cinema,Entertainment & Recreation,Belgium,Brussels
Card Payment,Deposit,-32.02,3552.78,2024,12,20,Friday,14,32.02,Gym Membership,Entertainment & Recreation,Belgium,Brussels
Card Payment,Deposit,-44.78,3508.0,2024,12,24,Tuesday,18,44.78,Carrefour,Food & Dining,Belgium,Brussels
Fee,Savings,-8.31,3499.69,2024,12,25,Wednesday,18,8.31,Transaction Fee,Fees & Charges,Belgium,Brussels
Transfer,Savings,9.07,3508.76,2024,12,26,Thursday,22,9.07,Payment Received,Transfers & Payments,Belgium,Brussels
Transfer,Deposit,-67.24,3441.52,2024,12,27,Friday,18,67.24,Bank Transfer,Transfers & Payments,Belgium,Brussels
Card Payment,Deposit,-76.6,3364.92,2024,12,27,Friday,19,76.6,Bolt Brussels,Transportation,Belgium,Brussels
Transfer,Deposit,-109.3,3255.62,2024,12,29,Sunday,9,109.3,Money Transfer,Transfers & Payments,Belgium,Brussels
Card Payment,Current,-34.22,3221.4,2024,12,31,Tuesday,15,34.22,Colruyt,Food & Dining,Belgium,Brussels
Exchange,Deposit,-181.63,3039.77,2024,12,31,Tuesday,16,181.63,Atomium Shop,Other,Belgium,Brussels
Card Payment,Savings,-5.97,3033.8,2025,1,1,Wednesday,18,5.97,Water Utility,Utilities & Bills,Belgium,Brussels
Card Payment,Current,-12.81,3020.99,2025,1,2,Thursday,10,12.81,De Lijn,Transportation,Belgium,Brussels
Fee,Current,-3.95,3017.04,2025,1,2,Thursday,10,3.95,Card Fee,Fees & Charges,Belgium,Brussels
Topup,Savings,1000.25,4017.29,2025,1,3,Friday,1,1000.25,Refund,Income & Deposits,Belgium,Brussels
Card Payment,Deposit,-7.51,4009.78,2025,1,4,Saturday,3,7.51,Phone Company,Utilities & Bills,Belgium,Brussels
Card Payment,Savings,-20.64,3989.14,2025,1,5,Sunday,21,20.64,Colruyt,Food & Dining,Belgium,Brussels
Card Payment,Savings,-39.15,3949.99,2025,1,6,Monday,8,39.15,Streaming Service,Entertainment & Recreation,Belgium,Brussels
Card Payment,Current,-27.43,3922.56,2025,1,6,Monday,12,27.43,SNCB,Transportation,Belgium,Brussels
Card Payment,Deposit,-58.64,3863.92,2025,1,9,Thursday,15,58.64,Belgian Waffle House,Food & Dining,Belgium,Brussels
Card Payment,Savings,-32.91,3831.01,2025,1,9,Thursday,10,32.91,Bolt Brussels,Transportation,Belgium,Brussels
Reward,Deposit,4.77,3835.78,2025,1,12,Sunday,19,4.77,Salary Payment,Income & Deposits,Belgium,Brussels
Reward,Current,3.33,3839.11,2025,1,12,Sunday,20,3.33,Salary Payment,Income & Deposits,Belgium,Brussels
Card Payment,Deposit,-25.63,3813.48,2025,1,13,Monday,12,25.63,Zara Brussels,Shopping & Retail,Belgium,Brussels
Card Payment,Current,-29.63,3783.85,2025,1,15,Wednesday,22,29.63,Carrefour,Food & Dining,Belgium,Brussels
Card Payment,Current,-31.58,3752.27,2025,1,16,Thursday,15,31.58,H&M Brussels,Shopping & Retail,Belgium,Brussels
Card Payment,Savings,-25.49,3726.78,2025,1,16,Thursday,12,25.49,Zara Brussels,Shopping & Retail,Belgium,Brussels
Card Refund,Current,14.98,3741.76,2025,1,16,Thursday,19,14.98,MediaMarkt,Shopping & Retail,Belgium,Brussels
Card Payment,Deposit,-31.02,3710.74,2025,1,17,Friday,18,31.02,Streaming Service,Entertainment & Recreation,Belgium,Brussels
Card Payment,Savings,-74.07,3636.67,2025,1,18,Saturday,5,74.07,STIB-MIVB,Transportation,Belgium,Brussels
Card Payment,Current,-22.18,3614.49,2025,1,18,Saturday,17,22.18,Gas Company,Utilities & Bills,Belgium,Brussels
Card Payment,Deposit,-79.24,3535.25,2025,1,19,Sunday,7,79.24,Carrefour,Food & Dining,Belgium,Brussels
Card Payment,Deposit,-3.57,3531.68,2025,1,19,Sunday,8,3.57,Event Ticket,Entertainment & Recreation,Belgium,Brussels
Card Payment,Current,-65.77,3465.91,2025,1,19,Sunday,19,65.77,Gas Company,Utilities & Bills,Belgium,Brussels
Card Payment,Deposit,-38.07,3427.84,2025,1,22,Wednesday,18,38.07,Bookstore,Education,Belgium,Brussels
Card Payment,Deposit,-22.61,3405.23,2025,1,22,Wednesday,10,22.61,Colruyt,Food & Dining,Belgium,Brussels
Card Payment,Current,-28.02,3377.21,2025,1,23,Thursday,15,28.02,STIB-MIVB,Transportation,Belgium,Brussels
Card Payment,Savings,-70.03,3307.18,2025,1,24,Friday,10,70.03,Fritland,Food & Dining,Belgium,Brussels
Card Payment,Current,-12.67,3294.51,2025,1,25,Saturday,10,12.67,Internet Provider,Utilities & Bills,Belgium,Brussels
Card Refund,Current,17.08,3311.59,2025,1,25,Saturday,21,17.08,SNCB,Transportation,Belgium,Brussels
Card Payment,Current,-51.75,3259.84,2025,1,26,Sunday,18,51.75,Gym Membership,Entertainment & Recreation,Belgium,Brussels
Card Payment,Current,-35.57,3224.27,2025,1,27,Monday,14,35.57,Zara Brussels,Shopping & Retail,Belgium,Brussels
Card Payment,Deposit,-108.39,3115.88,2025,1,29,Wednesday,12,108.39,Belgian Waffle House,Food & Dining,Belgium,Brussels
Card Payment,Current,-5.15,3110.73,2025,1,30,Thursday,10,5.15,Phone Company,Utilities & Bills,Belgium,Brussels
Reward,Current,4.13,3114.86,2025,1,31,Friday,11,4.13,Investment Return,Income & Deposits,Belgium,Brussels
Card Payment,Current,-36.63,3078.23,2025,2,1,Saturday,7,36.63,Gas Company,Utilities & Bills,Belgium,Brussels
Card Payment,Savings,-21.63,3056.6,2025,2,1,Saturday,15,21.63,Colruyt,Food & Dining,Belgium,Brussels
Transfer,Current,20.22,3076.82,2025,2,2,Sunday,11,20.22,Pocket Withdrawal,Transfers & Payments,Belgium,Brussels
Card Payment,Deposit,-25.5,3051.32,2025,2,2,Sunday,23,25.5,Phone Company,Utilities & Bills,Belgium,Brussels
Transfer,Savings,-89.42,2961.9,2025,2,2,Sunday,12,89.42,Payment Received,Transfers & Payments,Belgium,Brussels
Fee,Deposit,-13.29,2948.61,2025,2,3,Monday,20,13.29,Monthly Fee,Fees & Charges,Belgium,Brussels
Card Payment,Savings,-3.4,2945.21,2025,2,4,Tuesday,12,3.4,Colruyt,Food & Dining,Belgium,Brussels
Topup,Current,1002.7,3947.91,2025,2,5,Wednesday,19,1002.7,Investment Return,Income & Deposits,Belgium,Brussels
Transfer,Deposit,-80.7,3867.21,2025,2,7,Friday,10,80.7,Money Transfer,Transfers & Payments,Belgium,Brussels
Transfer,Current,-19.45,3847.76,2025,2,9,Sunday,12,19.45,Payment Received,Transfers & Payments,Belgium,Brussels
Card Payment,Savings,-28.5,3819.26,2025,2,10,Monday,21,28.5,De Lijn,Transportation,Belgium,Brussels
Transfer,Current,-108.27,3710.99,2025,2,11,Tuesday,20,108.27,Pocket Withdrawal,Transfers & Payments,Belgium,Brussels
Transfer,Savings,-52.44,3658.55,2025,2,11,Tuesday,9,52.44,Bank Transfer,Transfers & Payments,Belgium,Brussels
Card Payment,Savings,-35.63,3622.92,2025,2,11,Tuesday,7,35.63,Electric Company,Utilities & Bills,Belgium,Brussels
Card Payment,Savings,-7.62,3615.3,2025,2,13,Thursday,14,7.62,De Lijn,Transportation,Belgium,Brussels
Card Payment,Current,-17.31,3597.99,2025,2,15,Saturday,13,17.31,Belgian Waffle House,Food & Dining,Belgium,Brussels
Exchange,Deposit,-172.43,3425.56,2025,2,15,Saturday,16,172.43,Brussels Expo,Other,Belgium,Brussels
Fee,Savings,-10.18,3415.38,2025,2,16,Sunday,15,10.18,Service Fee,Fees & Charges,Belgium,Brussels
Fee,Savings,-12.11,3403.27,2025,2,16,Sunday,21,12.11,Transaction Fee,Fees & Charges,Belgium,Brussels
Transfer,Current,-49.74,3353.53,2025,2,17,Monday,11,49.74,Pocket Withdrawal,Transfers & Payments,Belgium,Brussels
Transfer,Current,-23.23,3330.3,2025,2,17,Monday,20,23.23,Pocket Withdrawal,Transfers & Payments,Belgium,Brussels
Card Payment,Deposit,-35.57,3294.73,2025,2,18,Tuesday,7,35.57,Bolt Brussels,Transportation,Belgium,Brussels
Card Payment,Savings,-33.35,3261.38,2025,2,18,Tuesday,15,33.35,Gym Membership,Entertainment & Recreation,Belgium,Brussels
Transfer,Savings,-104.48,3156.9,2025,2,18,Tuesday,17,104.48,Payment Received,Transfers & Payments,Belgium,Brussels
Transfer,Current,-98.7,3058.2,2025,2,21,Friday,21,98.7,Money Transfer,Transfers & Payments,Belgium,Brussels
Card Payment,Current,-28.85,3029.35,2025,2,22,Saturday,15,28.85,Colruyt,Food & Dining,Belgium,Brussels
Card Payment,Savings,-12.06,3017.29,2025,2,23,Sunday,12,12.06,Delhaize,Food & Dining,Belgium,Brussels
Card Payment,Savings,-15.93,3001.36,2025,2,24,Monday,14,15.93,SNCB,Transportation,Belgium,Brussels
Card Payment,Savings,-75.08,2926.28,2025,2,25,Tuesday,19,75.08,Fritland,Food & Dining,Belgium,Brussels
Transfer,Current,-84.71,2841.57,2025,2,25,Tuesday,13,84.71,Money Transfer,Transfers & Payments,Belgium,Brussels
Transfer,Deposit,-111.1,2730.47,2025,2,25,Tuesday,16,111.1,Bank Transfer,Transfers & Payments,Belgium,Brussels
Card Payment,Savings,-56.9,2673.57,2025,2,26,Wednesday,16,56.9,Belgian Waffle House,Food & Dining,Belgium,Brussels
Card Payment,Savings,-11.6,2661.97,2025,2,27,Thursday,13,11.6,De Lijn,Transportation,Belgium,Brussels
Card Payment,Savings,-18.89,2643.08,2025,3,1,Saturday,20,18.89,Taxi Barcelona,Transportation,Spain,Barcelona
Topup,Current,1004.36,3647.44,2025,3,2,Sunday,11,1004.36,Freelance Payment,Income & Deposits,Spain,Barcelona
Card Payment,Current,-8.4,3639.04,2025,3,3,Monday,19,8.4,Gym Membership,Entertainment & Recreation,Spain,Barcelona
Transfer,Savings,-71.0,3568.04,2025,3,4,Tuesday,14,71.0,Payment Received,Transfers & Payments,Spain,Barcelona
Card Payment,Current,-12.82,3555.22,2025,3,8,Saturday,12,12.82,Carrefour,Food & Dining,Spain,Barcelona
Card Payment,Savings,-54.12,3501.1,2025,3,10,Monday,15,54.12,Renfe,Transportation,Spain,Barcelona
Card Payment,Deposit,-21.34,3479.76,2025,3,11,Tuesday,19,21.34,Taxi Barcelona,Transportation,Spain,Barcelona
Card Refund,Savings,50.57,3530.33,2025,3,11,Tuesday,14,50.57,Bolt Barcelona,Transportation,Spain,Barcelona
Transfer,Current,-97.26,3433.07,2025,3,11,Tuesday,15,97.26,Pocket Withdrawal,Transfers & Payments,Spain,Barcelona
Card Payment,Savings,-9.41,3423.66,2025,3,11,Tuesday,16,9.41,Metro Barcelona,Transportation,Spain,Barcelona
Transfer,Deposit,-15.76,3407.9,2025,3,12,Wednesday,16,15.76,Bank Transfer,Transfers & Payments,Spain,Barcelona
Card Payment,Deposit,-18.16,3389.74,2025,3,12,Wednesday,0,18.16,Gas Company,Utilities & Bills,Spain,Barcelona
Card Payment,Current,-16.5,3373.24,2025,3,12,Wednesday,13,16.5,Bolt Barcelona,Transportation,Spain,Barcelona
Card Payment,Savings,-17.91,3355.33,2025,3,13,Thursday,9,17.91,El Corte Inglés,Food & Dining,Spain,Barcelona
Card Payment,Current,-15.36,3339.97,2025,3,14,Friday,23,15.36,Water Utility,Utilities & Bills,Spain,Barcelona
Card Payment,Savings,-23.47,3316.5,2025,3,15,Saturday,16,23.47,Electric Company,Utilities & Bills,Spain,Barcelona
Transfer,Deposit,5.53,3322.03,2025,3,15,Saturday,13,5.53,Money Transfer,Transfers & Payments,Spain,Barcelona
Card Payment,Savings,-15.4,3306.63,2025,3,16,Sunday,20,15.4,Laundry Service,Personal Care & Services,Spain,Barcelona
Card Payment,Deposit,-18.57,3288.06,2025,3,18,Tuesday,19,18.57,Pull&Bear,Shopping & Retail,Spain,Barcelona
Transfer,Current,-64.93,3223.13,2025,3,19,Wednesday,0,64.93,Payment Received,Transfers & Payments,Spain,Barcelona
Transfer,Current,-58.05,3165.08,2025,3,19,Wednesday,10,58.05,Money Transfer,Transfers & Payments,Spain,Barcelona
Exchange,Deposit,127.27,3292.35,2025,3,20,Thursday,10,127.27,Barcelona Museum,Other,Spain,Barcelona
Transfer,Current,-59.29,3233.06,2025,3,21,Friday,16,59.29,Pocket Withdrawal,Transfers & Payments,Spain,Barcelona
Card Payment,Current,-11.62,3221.44,2025,3,21,Friday,17,11.62,Lidl,Food & Dining,Spain,Barcelona
Fee,Deposit,-1.66,3219.78,2025,3,22,Saturday,12,1.66,Card Fee,Fees & Charges,Spain,Barcelona
Transfer,Deposit,36.79,3256.57,2025,3,23,Sunday,13,36.79,Payment Received,Transfers & Payments,Spain,Barcelona
Transfer,Deposit,-100.19,3156.38,2025,3,23,Sunday,16,100.19,Payment Received,Transfers & Payments,Spain,Barcelona
Card Payment,Savings,-25.71,3130.67,2025,3,23,Sunday,16,25.71,El Corte Inglés,Food & Dining,Spain,Barcelona
Transfer,Current,-102.26,3028.41,2025,3,24,Monday,14,102.26,Money Transfer,Transfers & Payments,Spain,Barcelona
Card Payment,Savings,-4.97,3023.44,2025,3,29,Saturday,11,4.97,Lidl,Food & Dining,Spain,Barcelona
Card Payment,Deposit,-20.13,3003.31,2025,3,29,Saturday,7,20.13,Zara Spain,Shopping & Retail,Spain,Barcelona
Card Payment,Savings,-16.44,2986.87,2025,3,29,Saturday,13,16.44,Primark Barcelona,Shopping & Retail,Spain,Barcelona
Transfer,Deposit,-67.07,2919.8,2025,3,30,Sunday,13,67.07,Pocket Withdrawal,Transfers & Payments,Spain,Barcelona
Card Payment,Deposit,-44.62,2875.18,2025,3,31,Monday,15,44.62,Electric Company,Utilities & Bills,Spain,Barcelona
Topup,Current,1003.16,3878.34,2025,4,1,Tuesday,17,1003.16,Investment Return,Income & Deposits,Spain,Barcelona
Transfer,Deposit,-110.94,3767.4,2025,4,3,Thursday,21,110.94,Payment Received,Transfers & Payments,Spain,Barcelona
Card Payment,Current,-30.49,3736.91,2025,4,5,Saturday,12,30.49,Metro Barcelona,Transportation,Spain,Barcelona
Transfer,Current,-624.96,3111.95,2025,4,5,Saturday,22,624.96,Pocket Withdrawal,Transfers & Payments,Spain,Barcelona
Card Payment,Deposit,-19.58,3092.37,2025,4,6,Sunday,7,19.58,Pull&Bear,Shopping & Retail,Spain,Barcelona
Transfer,Savings,-52.25,3040.12,2025,4,9,Wednesday,21,52.25,Bank Transfer,Transfers & Payments,Spain,Barcelona
Card Payment,Current,-15.91,3024.21,2025,4,11,Friday,10,15.91,Cinema,Entertainment & Recreation,Spain,Barcelona
Transfer,Savings,-36.84,2987.37,2025,4,12,Saturday,16,36.84,Money Transfer,Transfers & Payments,Spain,Barcelona
Card Payment,Current,-4.58,2982.79,2025,4,12,Saturday,11,4.58,El Corte Inglés,Food & Dining,Spain,Barcelona
Transfer,Deposit,-95.29,2887.5,2025,4,14,Monday,10,95.29,Bank Transfer,Transfers & Payments,Spain,Barcelona
Exchange,Deposit,-71.31,2816.19,2025,4,14,Monday,2,71.31,Park Güell,Other,Spain,Barcelona
Card Payment,Current,-5.44,2810.75,2025,4,14,Monday,18,5.44,Lidl,Food & Dining,Spain,Barcelona
Card Payment,Savings,-21.43,2789.32,2025,4,14,Monday,17,21.43,Pull&Bear,Shopping & Retail,Spain,Barcelona
Card Payment,Savings,-7.7,2781.62,2025,4,18,Friday,13,7.7,Bolt Barcelona,Transportation,Spain,Barcelona
Card Payment,Current,-26.05,2755.57,2025,4,19,Saturday,19,26.05,Cinema,Entertainment & Recreation,Spain,Barcelona
Card Payment,Current,-6.28,2749.29,2025,4,21,Monday,21,6.28,Zara Spain,Shopping & Retail,Spain,Barcelona
Card Payment,Current,-45.02,2704.27,2025,4,21,Monday,14,45.02,Tapas Bar,Food & Dining,Spain,Barcelona
Card Payment,Savings,-25.25,2679.02,2025,4,24,Thursday,0,25.25,Dry Cleaner,Personal Care & Services,Spain,Barcelona
Card Payment,Savings,-9.48,2669.54,2025,4,24,Thursday,20,9.48,Cinema,Entertainment & Recreation,Spain,Barcelona
Card Payment,Current,-18.93,2650.61,2025,4,25,Friday,11,18.93,Paella Restaurant,Food & Dining,Spain,Barcelona
Card Payment,Savings,-35.08,2615.53,2025,4,26,Saturday,18,35.08,Lidl,Food & Dining,Spain,Barcelona
Card Payment,Savings,-4.47,2611.06,2025,4,29,Tuesday,18,4.47,Cinema,Entertainment & Recreation,Spain,Barcelona
Fee,Deposit,-2.72,2608.34,2025,4,29,Tuesday,10,2.72,Monthly Fee,Fees & Charges,Spain,Barcelona
Card Payment,Deposit,-13.52,2594.82,2025,4,30,Wednesday,17,13.52,Lidl,Food & Dining,Spain,Barcelona
Card Payment,Current,-5.14,2589.68,2025,5,1,Thursday,19,5.14,Bookstore,Education,Spain,Barcelona
Reward,Current,4.09,2593.77,2025,5,1,Thursday,17,4.09,Freelance Payment,Income & Deposits,Spain,Barcelona
Card Payment,Current,-48.13,2545.64,2025,5,2,Friday,11,48.13,Phone Company,Utilities & Bills,Spain,Barcelona
Card Payment,Savings,-4.9,2540.74,2025,5,3,Saturday,18,4.9,Internet Provider,Utilities & Bills,Spain,Barcelona
Transfer,Deposit,-623.59,1917.15,2025,5,4,Sunday,12,623.59,Money Transfer,Transfers & Payments,Spain,Barcelona
Topup,Savings,1000.38,2917.53,2025,5,5,Monday,17,1000.38,Salary Payment,Income & Deposits,Spain,Barcelona
Card Payment,Savings,-37.63,2879.9,2025,5,6,Tuesday,5,37.63,Carrefour,Food & Dining,Spain,Barcelona
Card Payment,Savings,-22.95,2856.95,2025,5,7,Wednesday,11,22.95,Primark Barcelona,Shopping & Retail,Spain,Barcelona
Transfer,Current,-12.43,2844.52,2025,5,7,Wednesday,18,12.43,Pocket Withdrawal,Transfers & Payments,Spain,Barcelona
Card Payment,Current,-10.39,2834.13,2025,5,7,Wednesday,16,10.39,Pull&Bear,Shopping & Retail,Spain,Barcelona
Card Payment,Current,-5.08,2829.05,2025,5,10,Saturday,18,5.08,Carrefour,Food & Dining,Spain,Barcelona
Transfer,Current,-19.88,2809.17,2025,5,10,Saturday,14,19.88,Money Transfer,Transfers & Payments,Spain,Barcelona
Card Payment,Current,-23.01,2786.16,2025,5,12,Monday,14,23.01,Streaming Service,Entertainment & Recreation,Spain,Barcelona
Transfer,Current,-108.66,2677.5,2025,5,12,Monday,18,108.66,Money Transfer,Transfers & Payments,Spain,Barcelona
Card Refund,Deposit,58.07,2735.57,2025,5,13,Tuesday,11,58.07,Metro Barcelona,Transportation,Spain,Barcelona
Transfer,Savings,29.76,2765.33,2025,5,14,Wednesday,12,29.76,Payment Received,Transfers & Payments,Spain,Barcelona
Card Refund,Deposit,27.18,2792.51,2025,5,16,Friday,12,27.18,Zara Spain,Shopping & Retail,Spain,Barcelona
Reward,Deposit,3.06,2795.57,2025,5,17,Saturday,11,3.06,Salary Payment,Income & Deposits,Spain,Barcelona
Card Payment,Current,-14.01,2781.56,2025,5,18,Sunday,21,14.01,Tapas Bar,Food & Dining,Spain,Barcelona
Card Payment,Deposit,-7.82,2773.74,2025,5,19,Monday,15,7.82,Electric Company,Utilities & Bills,Spain,Barcelona
Card Payment,Current,-6.77,2766.97,2025,5,19,Monday,12,6.77,Tapas Bar,Food & Dining,Spain,Barcelona
Interest,Deposit,0.58,2767.55,2025,5,20,Tuesday,13,0.58,Savings Interest,Financial Services,Spain,Barcelona
Card Payment,Savings,-46.17,2721.38,2025,5,20,Tuesday,13,46.17,Event Ticket,Entertainment & Recreation,Spain,Barcelona
Card Payment,Savings,-19.79,2701.59,2025,5,20,Tuesday,11,19.79,Phone Company,Utilities & Bills,Spain,Barcelona
Card Payment,Deposit,-9.46,2692.13,2025,5,20,Tuesday,16,9.46,Bolt Barcelona,Transportation,Spain,Barcelona
Transfer,Deposit,-105.92,2586.21,2025,5,21,Wednesday,16,105.92,Payment Received,Transfers & Payments,Spain,Barcelona
Reward,Deposit,3.39,2589.6,2025,5,22,Thursday,16,3.39,Salary Payment,Income & Deposits,Spain,Barcelona
Card Payment,Savings,-50.32,2539.28,2025,5,22,Thursday,8,50.32,Zara Spain,Shopping & Retail,Spain,Barcelona
Transfer,Deposit,1.93,2541.21,2025,5,23,Friday,8,1.93,Money Transfer,Transfers & Payments,Spain,Barcelona
Exchange,Deposit,-128.08,2413.13,2025,5,25,Sunday,6,128.08,Barcelona Museum,Other,Spain,Barcelona
Card Payment,Deposit,-9.72,2403.41,2025,5,26,Monday,12,9.72,Tapas Bar,Food & Dining,Spain,Barcelona
Card Payment,Deposit,-19.36,2384.05,2025,5,28,Wednesday,15,19.36,Dry Cleaner,Personal Care & Services,Spain,Barcelona
Card Payment,Deposit,-14.57,2369.48,2025,5,28,Wednesday,10,14.57,Event Ticket,Entertainment & Recreation,Spain,Barcelona
Card Payment,Deposit,-30.84,2338.64,2025,5,30,Friday,21,30.84,Internet Provider,Utilities & Bills,Spain,Barcelona
Reward,Current,2.52,2341.16,2025,5,31,Saturday,13,2.52,Refund,Income & Deposits,Spain,Barcelona
Card Payment,Savings,-21.7,2319.46,2025,5,31,Saturday,17,21.7,Metro Barcelona,Transportation,Spain,Barcelona
Card Payment,Deposit,-24.25,2295.21,2025,6,2,Monday,17,24.25,Pull&Bear,Shopping & Retail,Spain,Barcelona
Transfer,Deposit,-54.51,2240.7,2025,6,2,Monday,10,54.51,Bank Transfer,Transfers & Payments,Spain,Barcelona
Reward,Current,4.33,2245.03,2025,6,3,Tuesday,21,4.33,Refund,Income & Deposits,Spain,Barcelona
Fee,Current,-13.56,2231.47,2025,6,4,Wednesday,19,13.56,Service Fee,Fees & Charges,Spain,Barcelona
Topup,Current,1001.01,3232.48,2025,6,5,Thursday,18,1001.01,Salary Payment,Income & Deposits,Spain,Barcelona
Card Payment,Current,-3.18,3229.3,2025,6,8,Sunday,16,3.18,Mercadona,Food & Dining,Spain,Barcelona
Card Payment,Current,-15.94,3213.36,2025,6,9,Monday,14,15.94,Pull&Bear,Shopping & Retail,Spain,Barcelona
Card Payment,Savings,-14.16,3199.2,2025,6,9,Monday,10,14.16,Mercadona,Food & Dining,Spain,Barcelona
Card Payment,Savings,-28.64,3170.56,2025,6,9,Monday,10,28.64,Zara Spain,Shopping & Retail,Spain,Barcelona
Fee,Current,-3.49,3167.07,2025,6,11,Wednesday,13,3.49,Service Fee,Fees & Charges,Spain,Barcelona
Transfer,Current,-62.93,3104.14,2025,6,13,Friday,18,62.93,Pocket Withdrawal,Transfers & Payments,Spain,Barcelona
Card Payment,Savings,-10.6,3093.54,2025,6,14,Saturday,12,10.6,Carrefour,Food & Dining,Spain,Barcelona
Card Payment,Current,-25.25,3068.29,2025,6,15,Sunday,13,25.25,Lidl,Food & Dining,Spain,Barcelona
Transfer,Deposit,-56.78,3011.51,2025,6,16,Monday,12,56.78,Bank Transfer,Transfers & Payments,Spain,Barcelona
Card Payment,Savings,-12.27,2999.24,2025,6,16,Monday,19,12.27,Bolt Barcelona,Transportation,Spain,Barcelona
Card Payment,Deposit,-18.71,2980.53,2025,6,17,Tuesday,11,18.71,El Corte Inglés,Food & Dining,Spain,Barcelona
Reward,Deposit,4.92,2985.45,2025,6,18,Wednesday,2,4.92,Refund,Income & Deposits,Spain,Barcelona
Card Payment,Savings,-10.58,2974.87,2025,6,20,Friday,11,10.58,Pull&Bear,Shopping & Retail,Spain,Barcelona
Card Payment,Savings,-18.76,2956.11,2025,6,20,Friday,14,18.76,Taxi Barcelona,Transportation,Spain,Barcelona
Card Payment,Current,-7.44,2948.67,2025,6,20,Friday,17,7.44,Bolt Barcelona,Transportation,Spain,Barcelona
Card Payment,Deposit,-3.51,2945.16,2025,6,20,Friday,9,3.51,Carrefour,Food & Dining,Spain,Barcelona
Card Payment,Current,-24.58,2920.58,2025,6,20,Friday,8,24.58,Tapas Bar,Food & Dining,Spain,Barcelona
Fee,Deposit,-5.06,2915.52,2025,6,21,Saturday,20,5.06,Monthly Fee,Fees & Charges,Spain,Barcelona
Card Payment,Current,-17.22,2898.3,2025,6,22,Sunday,14,17.22,Lidl,Food & Dining,Spain,Barcelona
Card Payment,Current,-6.7,2891.6,2025,6,23,Monday,14,6.7,El Corte Inglés,Food & Dining,Spain,Barcelona
Transfer,Deposit,-76.39,2815.21,2025,6,23,Monday,16,76.39,Money Transfer,Transfers & Payments,Spain,Barcelona
Card Payment,Current,-3.1,2812.11,2025,6,24,Tuesday,11,3.1,Renfe,Transportation,Spain,Barcelona
Reward,Deposit,2.16,2814.27,2025,6,24,Tuesday,9,2.16,Refund,Income & Deposits,Spain,Barcelona
Transfer,Deposit,-44.3,2769.97,2025,6,25,Wednesday,18,44.3,Payment Received,Transfers & Payments,Spain,Barcelona
Card Payment,Savings,-26.26,2743.71,2025,6,25,Wednesday,4,26.26,Mercadona,Food & Dining,Spain,Barcelona
Card Refund,Savings,57.07,2800.78,2025,6,25,Wednesday,0,57.07,El Corte Inglés,Food & Dining,Spain,Barcelona
Transfer,Savings,-76.24,2724.54,2025,6,26,Thursday,8,76.24,Money Transfer,Transfers & Payments,Spain,Barcelona
Card Refund,Current,37.47,2762.01,2025,6,27,Friday,13,37.47,Pull&Bear,Shopping & Retail,Spain,Barcelona
Fee,Savings,-2.37,2759.64,2025,6,28,Saturday,23,2.37,Transaction Fee,Fees & Charges,Spain,Barcelona
Card Payment,Current,-58.66,2700.98,2025,6,29,Sunday,13,58.66,Renfe,Transportation,Spain,Barcelona
Card Payment,Savings,-14.37,2686.61,2025,6,30,Monday,17,14.37,Tapas Bar,Food & Dining,Spain,Barcelona
Transfer,Deposit,-25.43,2661.18,2025,6,30,Monday,12,25.43,Pocket Withdrawal,Transfers & Payments,Spain,Barcelona
Topup,Savings,1000.42,3661.6,2025,7,1,Tuesday,8,1000.42,Investment Return,Income & Deposits,Spain,Barcelona
Card Payment,Current,-13.73,3647.87,2025,7,3,Thursday,17,13.73,Paella Restaurant,Food & Dining,Spain,Barcelona
Transfer,Deposit,-45.37,3602.5,2025,7,4,Friday,9,45.37,Payment Received,Transfers & Payments,Spain,Barcelona
Card Payment,Current,-7.03,3595.47,2025,7,6,Sunday,15,7.03,Bolt Barcelona,Transportation,Spain,Barcelona
Transfer,Deposit,-56.19,3539.28,2025,7,6,Sunday,19,56.19,Bank Transfer,Transfers & Payments,Spain,Barcelona
Card Payment,Deposit,-14.49,3524.79,2025,7,6,Sunday,18,14.49,Pull&Bear,Shopping & Retail,Spain,Barcelona
Card Payment,Current,-15.18,3509.61,2025,7,7,Monday,18,15.18,Primark Barcelona,Shopping & Retail,Spain,Barcelona
Transfer,Savings,-32.26,3477.35,2025,7,7,Monday,8,32.26,Money Transfer,Transfers & Payments,Spain,Barcelona
Card Payment,Savings,-6.76,3470.59,2025,7,9,Wednesday,17,6.76,Carrefour,Food & Dining,Spain,Barcelona
Transfer,Deposit,-55.15,3415.44,2025,7,10,Thursday,19,55.15,Pocket Withdrawal,Transfers & Payments,Spain,Barcelona
Card Payment,Deposit,-8.81,3406.63,2025,7,10,Thursday,12,8.81,Zara Spain,Shopping & Retail,Spain,Barcelona
Card Payment,Current,-22.87,3383.76,2025,7,11,Friday,18,22.87,Pull&Bear,Shopping & Retail,Spain,Barcelona
Transfer,Savings,23.79,3407.55,2025,7,11,Friday,13,23.79,Bank Transfer,Transfers & Payments,Spain,Barcelona
Card Payment,Current,-6.33,3401.22,2025,7,12,Saturday,15,6.33,Event Ticket,Entertainment & Recreation,Spain,Barcelona
Reward,Deposit,1.54,3402.76,2025,7,12,Saturday,12,1.54,Refund,Income & Deposits,Spain,Barcelona
Card Payment,Savings,-14.69,3388.07,2025,7,13,Sunday,8,14.69,Tapas Bar,Food & Dining,Spain,Barcelona
Fee,Deposit,-6.96,3381.11,2025,7,13,Sunday,14,6.96,Card Fee,Fees & Charges,Spain,Barcelona
Card Payment,Deposit,-4.05,3377.06,2025,7,13,Sunday,9,4.05,Mercadona,Food & Dining,Spain,Barcelona
Card Payment,Deposit,-20.88,3356.18,2025,7,14,Monday,7,20.88,Mercadona,Food & Dining,Spain,Barcelona
Card Payment,Savings,-7.92,3348.26,2025,7,14,Monday,13,7.92,Carrefour,Food & Dining,Spain,Barcelona
Transfer,Current,-62.91,3285.35,2025,7,14,Monday,10,62.91,Payment Received,Transfers & Payments,Spain,Barcelona
Card Payment,Current,-3.54,3281.81,2025,7,14,Monday,10,3.54,Carrefour,Food & Dining,Spain,Barcelona
Card Payment,Savings,-31.6,3250.21,2025,7,16,Wednesday,6,31.6,Pull&Bear,Shopping & Retail,Spain,Barcelona
Card Payment,Deposit,-13.47,3236.74,2025,7,16,Wednesday,13,13.47,Internet Provider,Utilities & Bills,Spain,Barcelona
Card Payment,Deposit,-55.43,3181.31,2025,7,17,Thursday,15,55.43,Water Utility,Utilities & Bills,Spain,Barcelona
Card Payment,Deposit,-3.11,3178.2,2025,7,17,Thursday,7,3.11,Pull&Bear,Shopping & Retail,Spain,Barcelona
Card Payment,Deposit,-1.88,3176.32,2025,7,18,Friday,18,1.88,Bolt Barcelona,Transportation,Spain,Barcelona
Card Payment,Savings,-19.6,3156.72,2025,7,19,Saturday,13,19.6,Internet Provider,Utilities & Bills,Spain,Barcelona
Transfer,Savings,-29.49,3127.23,2025,7,19,Saturday,11,29.49,Payment Received,Transfers & Payments,Spain,Barcelona
Card Payment,Savings,-21.13,3106.1,2025,7,20,Sunday,23,21.13,Phone Company,Utilities & Bills,Spain,Barcelona
Transfer,Deposit,15.22,3121.32,2025,7,20,Sunday,19,15.22,Bank Transfer,Transfers & Payments,Spain,Barcelona
Card Payment,Current,-75.91,3045.41,2025,7,21,Monday,18,75.91,Mercadona,Food & Dining,Spain,Barcelona
Card Payment,Deposit,-39.24,3006.17,2025,7,21,Monday,11,39.24,Phone Company,Utilities & Bills,Spain,Barcelona
Card Payment,Deposit,-12.99,2993.18,2025,7,21,Monday,18,12.99,Pull&Bear,Shopping & Retail,Spain,Barcelona
Card Payment,Savings,-40.76,2952.42,2025,7,21,Monday,16,40.76,Bolt Barcelona,Transportation,Spain,Barcelona
Card Payment,Deposit,-51.43,2900.99,2025,7,23,Wednesday,3,51.43,Lidl,Food & Dining,Spain,Barcelona
Card Payment,Current,-6.69,2894.3,2025,7,23,Wednesday,14,6.69,Gym Membership,Entertainment & Recreation,Spain,Barcelona
Fee,Current,-12.94,2881.36,2025,7,24,Thursday,1,12.94,Monthly Fee,Fees & Charges,Spain,Barcelona
Card Payment,Current,-47.71,2833.65,2025,7,26,Saturday,10,47.71,Pull&Bear,Shopping & Retail,Spain,Barcelona
Card Payment,Savings,-31.55,2802.1,2025,7,26,Saturday,6,31.55,Taxi Barcelona,Transportation,Spain,Barcelona
Card Payment,Current,-24.57,2777.53,2025,7,26,Saturday,19,24.57,Metro Barcelona,Transportation,Spain,Barcelona
Transfer,Current,-49.66,2727.87,2025,7,27,Sunday,19,49.66,Pocket Withdrawal,Transfers & Payments,Spain,Barcelona
Card Payment,Savings,-45.31,2682.56,2025,7,27,Sunday,12,45.31,Lidl,Food & Dining,Spain,Barcelona
Card Payment,Current,-4.27,2678.29,2025,7,27,Sunday,11,4.27,Internet Provider,Utilities & Bills,Spain,Barcelona
Transfer,Deposit,-67.44,2610.85,2025,7,28,Monday,17,67.44,Money Transfer,Transfers & Payments,Spain,Barcelona
Card Payment,Deposit,-12.77,2598.08,2025,7,29,Tuesday,18,12.77,El Corte Inglés,Food & Dining,Spain,Barcelona
Card Payment,Current,-5.66,2592.42,2025,7,31,Thursday,15,5.66,Event Ticket,Entertainment & Recreation,Spain,Barcelona
Transfer,Current,-59.8,2532.62,2025,7,31,Thursday,6,59.8,Pocket Withdrawal,Transfers & Payments,Spain,Barcelona
Card Payment,Current,-13.76,2518.86,2025,8,1,Friday,18,13.76,Primark Barcelona,Shopping & Retail,Spain,Barcelona
Card Payment,Deposit,-21.4,2497.46,2025,8,1,Friday,8,21.4,Carrefour,Food & Dining,Spain,Barcelona
Transfer,Current,-102.34,2395.12,2025,8,1,Friday,13,102.34,Pocket Withdrawal,Transfers & Payments,Spain,Barcelona
Topup,Current,1001.57,3396.69,2025,8,2,Saturday,10,1001.57,Investment Return,Income & Deposits,Spain,Barcelona
Card Payment,Savings,-24.96,3371.73,2025,8,3,Sunday,17,24.96,University,Education,Spain,Barcelona
Card Payment,Savings,-18.78,3352.95,2025,8,3,Sunday,10,18.78,Paella Restaurant,Food & Dining,Spain,Barcelona
Card Refund,Current,48.25,3401.2,2025,8,3,Sunday,23,48.25,Mercadona,Food & Dining,Spain,Barcelona
Card Payment,Savings,-14.1,3387.1,2025,8,3,Sunday,8,14.1,Metro Barcelona,Transportation,Spain,Barcelona
Card Payment,Savings,-42.58,3344.52,2025,8,3,Sunday,14,42.58,Gas Company,Utilities & Bills,Spain,Barcelona
Topup,Savings,1995.33,5339.85,2025,8,5,Tuesday,22,1995.33,Salary Payment,Income & Deposits,Spain,Barcelona
Card Payment,Savings,-11.13,5328.72,2025,8,6,Wednesday,18,11.13,Zara Spain,Shopping & Retail,Spain,Barcelona
Card Refund,Deposit,36.2,5364.92,2025,8,6,Wednesday,10,36.2,Metro Barcelona,Transportation,Spain,Barcelona
Card Payment,Current,-20.7,5344.22,2025,8,6,Wednesday,19,20.7,Bolt Barcelona,Transportation,Spain,Barcelona
Card Payment,Deposit,-32.12,5312.1,2025,8,7,Thursday,7,32.12,Electric Company,Utilities & Bills,Spain,Barcelona
Card Payment,Current,-14.3,5297.8,2025,8,7,Thursday,20,14.3,Online Course,Education,Spain,Barcelona
Card Payment,Savings,-12.99,5284.81,2025,8,7,Thursday,19,12.99,Streaming Service,Entertainment & Recreation,Spain,Barcelona
Transfer,Current,-52.83,5231.98,2025,8,7,Thursday,10,52.83,Money Transfer,Transfers & Payments,Spain,Barcelona
Card Payment,Deposit,-9.97,5222.01,2025,8,8,Friday,13,9.97,Primark Barcelona,Shopping & Retail,Spain,Barcelona
Card Payment,Current,-22.39,5199.62,2025,8,8,Friday,13,22.39,Lidl,Food & Dining,Spain,Barcelona
Fee,Current,-11.3,5188.32,2025,8,8,Friday,11,11.3,Monthly Fee,Fees & Charges,Spain,Barcelona
Card Payment,Savings,-14.61,5173.71,2025,8,9,Saturday,11,14.61,Bolt Barcelona,Transportation,Spain,Barcelona
Card Payment,Deposit,-24.37,5149.34,2025,8,9,Saturday,12,24.37,Mercadona,Food & Dining,Spain,Barcelona
Card Payment,Deposit,-21.25,5128.09,2025,8,9,Saturday,6,21.25,Pull&Bear,Shopping & Retail,Spain,Barcelona
Card Payment,Savings,-14.2,5113.89,2025,8,9,Saturday,10,14.2,Streaming Service,Entertainment & Recreation,Spain,Barcelona
Transfer,Current,-66.67,5047.22,2025,8,11,Monday,13,66.67,Bank Transfer,Transfers & Payments,Spain,Barcelona
Card Payment,Current,-59.5,4987.72,2025,8,13,Wednesday,22,59.5,Lidl,Food & Dining,Spain,Barcelona
Card Payment,Deposit,-9.41,4978.31,2025,8,14,Thursday,15,9.41,Phone Company,Utilities & Bills,Spain,Barcelona
Transfer,Savings,-57.77,4920.54,2025,8,15,Friday,18,57.77,Payment Received,Transfers & Payments,Spain,Barcelona
Card Payment,Deposit,-17.35,4903.19,2025,8,15,Friday,20,17.35,Lidl,Food & Dining,Spain,Barcelona
Card Payment,Deposit,-1.91,4901.28,2025,8,18,Monday,18,1.91,Laundry Service,Personal Care & Services,Spain,Barcelona
Card Payment,Deposit,-29.27,4872.01,2025,8,18,Monday,20,29.27,Primark Barcelona,Shopping & Retail,Spain,Barcelona
Card Payment,Deposit,-13.1,4858.91,2025,8,18,Monday,18,13.1,Renfe,Transportation,Spain,Barcelona
Card Payment,Savings,-11.86,4847.05,2025,8,20,Wednesday,11,11.86,Mercadona,Food & Dining,Spain,Barcelona
Card Payment,Current,-16.19,4830.86,2025,8,20,Wednesday,12,16.19,Dry Cleaner,Personal Care & Services,Spain,Barcelona
Card Payment,Savings,-42.07,4788.79,2025,8,21,Thursday,14,42.07,Paella Restaurant,Food & Dining,Spain,Barcelona
Card Payment,Deposit,-51.67,4737.12,2025,8,22,Friday,10,51.67,Taxi Barcelona,Transportation,Spain,Barcelona
Card Payment,Savings,-2.11,4735.01,2025,8,22,Friday,15,2.11,Pull&Bear,Shopping & Retail,Spain,Barcelona
Card Payment,Current,-6.17,4728.84,2025,8,26,Tuesday,11,6.17,Renfe,Transportation,Spain,Barcelona
Card Payment,Current,-113.95,4614.89,2025,8,29,Friday,16,113.95,Carrefour,Food & Dining,Spain,Barcelona
Card Payment,Deposit,-23.46,4591.43,2025,8,29,Friday,10,23.46,El Corte Inglés,Food & Dining,Spain,Barcelona
Card Payment,Deposit,-17.5,4573.93,2025,8,29,Friday,10,17.5,El Corte Inglés,Food & Dining,Spain,Barcelona
Card Payment,Current,-4.38,4569.55,2025,8,30,Saturday,20,4.38,Carrefour,Food & Dining,Spain,Barcelona
Transfer,Deposit,-68.83,4500.72,2025,8,31,Sunday,19,68.83,Bank Transfer,Transfers & Payments,Spain,Barcelona
Transfer,Deposit,-13.64,4487.08,2025,8,31,Sunday,21,13.64,Bank Transfer,Transfers & Payments,Spain,Barcelona
Transfer,Savings,-44.82,4442.26,2025,9,1,Monday,15,44.82,Money Transfer,Transfers & Payments,Germany,Berlin
Card Payment,Savings,-21.03,4421.23,2025,9,1,Monday,7,21.03,Deutsche Bahn,Transportation,Germany,Berlin
Topup,Savings,1001.79,5423.02,2025,9,2,Tuesday,6,1001.79,Salary Payment,Income & Deposits,Germany,Berlin
Reward,Current,4.53,5427.55,2025,9,3,Wednesday,0,4.53,Investment Return,Income & Deposits,Germany,Berlin
Card Payment,Current,-3.38,5424.17,2025,9,4,Thursday,16,3.38,DM Drogerie,Shopping & Retail,Germany,Berlin
Transfer,Deposit,-86.24,5337.93,2025,9,4,Thursday,12,86.24,Bank Transfer,Transfers & Payments,Germany,Berlin
Transfer,Deposit,-619.81,4718.12,2025,9,5,Friday,19,619.81,Pocket Withdrawal,Transfers & Payments,Germany,Berlin
Transfer,Savings,-36.02,4682.1,2025,9,6,Saturday,13,36.02,Money Transfer,Transfers & Payments,Germany,Berlin
Fee,Current,-7.22,4674.88,2025,9,7,Sunday,11,7.22,Service Fee,Fees & Charges,Germany,Berlin
Card Payment,Deposit,-19.64,4655.24,2025,9,10,Wednesday,7,19.64,Gas Company,Utilities & Bills,Germany,Berlin
Interest,Deposit,0.85,4656.09,2025,9,10,Wednesday,16,0.85,Bank Interest,Financial Services,Germany,Berlin
Card Payment,Deposit,-25.37,4630.72,2025,9,11,Thursday,11,25.37,Primark Berlin,Shopping & Retail,Germany,Berlin
Card Payment,Deposit,-51.52,4579.2,2025,9,11,Thursday,22,51.52,Electric Company,Utilities & Bills,Germany,Berlin
Card Payment,Current,-19.49,4559.71,2025,9,11,Thursday,15,19.49,EDEKA,Food & Dining,Germany,Berlin
Transfer,Deposit,-110.19,4449.52,2025,9,14,Sunday,7,110.19,Bank Transfer,Transfers & Payments,Germany,Berlin
Card Payment,Current,-14.06,4435.46,2025,9,15,Monday,5,14.06,Aldi,Food & Dining,Germany,Berlin
Card Payment,Savings,-68.58,4366.88,2025,9,16,Tuesday,20,68.58,Phone Company,Utilities & Bills,Germany,Berlin
Transfer,Savings,-15.34,4351.54,2025,9,16,Tuesday,20,15.34,Bank Transfer,Transfers & Payments,Germany,Berlin
Card Payment,Current,-17.04,4334.5,2025,9,18,Thursday,15,17.04,EDEKA,Food & Dining,Germany,Berlin
Reward,Current,1.25,4335.75,2025,9,21,Sunday,9,1.25,Salary Payment,Income & Deposits,Germany,Berlin
Card Payment,Savings,-26.8,4308.95,2025,9,21,Sunday,21,26.8,Gas Company,Utilities & Bills,Germany,Berlin
Transfer,Current,-53.34,4255.61,2025,9,21,Sunday,4,53.34,Money Transfer,Transfers & Payments,Germany,Berlin
Card Payment,Current,-8.94,4246.67,2025,9,22,Monday,10,8.94,Event Ticket,Entertainment & Recreation,Germany,Berlin
Exchange,Deposit,-93.66,4153.01,2025,9,25,Thursday,18,93.66,Berlin Souvenirs,Other,Germany,Berlin
Card Payment,Savings,-18.46,4134.55,2025,9,26,Friday,22,18.46,BVG Berlin,Transportation,Germany,Berlin
Card Payment,Deposit,-13.01,4121.54,2025,9,26,Friday,10,13.01,Aldi,Food & Dining,Germany,Berlin
Transfer,Savings,-96.29,4025.25,2025,9,27,Saturday,12,96.29,Bank Transfer,Transfers & Payments,Germany,Berlin
Transfer,Deposit,-108.07,3917.18,2025,9,27,Saturday,20,108.07,Pocket Withdrawal,Transfers & Payments,Germany,Berlin
Card Payment,Deposit,-8.03,3909.15,2025,9,27,Saturday,19,8.03,REWE,Food & Dining,Germany,Berlin
Reward,Savings,2.05,3911.2,2025,9,28,Sunday,18,2.05,Freelance Payment,Income & Deposits,Germany,Berlin
Card Payment,Current,-5.03,3906.17,2025,9,28,Sunday,12,5.03,Bolt Berlin,Transportation,Germany,Berlin
Card Payment,Current,-24.29,3881.88,2025,10,1,Wednesday,16,24.29,Currywurst Stand,Food & Dining,Germany,Berlin
Card Payment,Deposit,-4.92,3876.96,2025,10,2,Thursday,12,4.92,Bakery Berlin,Food & Dining,Germany,Berlin
Reward,Deposit,2.08,3879.04,2025,10,2,Thursday,10,2.08,Refund,Income & Deposits,Germany,Berlin
Card Payment,Deposit,-13.49,3865.55,2025,10,3,Friday,23,13.49,Bolt Berlin,Transportation,Germany,Berlin
Transfer,Current,-40.81,3824.74,2025,10,4,Saturday,10,40.81,Payment Received,Transfers & Payments,Germany,Berlin
Transfer,Current,-44.42,3780.32,2025,10,4,Saturday,17,44.42,Money Transfer,Transfers & Payments,Germany,Berlin
Topup,Current,1004.6,4784.92,2025,10,5,Sunday,17,1004.6,Investment Return,Income & Deposits,Germany,Berlin
Card Payment,Savings,-11.29,4773.63,2025,10,6,Monday,6,11.29,Electric Company,Utilities & Bills,Germany,Berlin
Card Payment,Current,-59.77,4713.86,2025,10,6,Monday,18,59.77,Currywurst Stand,Food & Dining,Germany,Berlin
Reward,Savings,3.81,4717.67,2025,10,7,Tuesday,17,3.81,Investment Return,Income & Deposits,Germany,Berlin
Card Payment,Savings,-35.24,4682.43,2025,10,8,Wednesday,13,35.24,Internet Provider,Utilities & Bills,Germany,Berlin
Card Payment,Deposit,-12.79,4669.64,2025,10,10,Friday,16,12.79,Aldi,Food & Dining,Germany,Berlin
Card Payment,Deposit,-4.67,4664.97,2025,10,10,Friday,20,4.67,Deutsche Bahn,Transportation,Germany,Berlin
Card Payment,Current,-48.42,4616.55,2025,10,11,Saturday,13,48.42,Bolt Berlin,Transportation,Germany,Berlin
Card Payment,Current,-37.23,4579.32,2025,10,11,Saturday,8,37.23,Müller,Shopping & Retail,Germany,Berlin
Card Payment,Deposit,-52.81,4526.51,2025,10,11,Saturday,20,52.81,Event Ticket,Entertainment & Recreation,Germany,Berlin
Card Payment,Deposit,-39.18,4487.33,2025,10,12,Sunday,7,39.18,Bakery Berlin,Food & Dining,Germany,Berlin
Card Payment,Deposit,-15.16,4472.17,2025,10,13,Monday,18,15.16,BVG Berlin,Transportation,Germany,Berlin
Card Payment,Savings,-40.34,4431.83,2025,10,13,Monday,17,40.34,Aldi,Food & Dining,Germany,Berlin
Card Payment,Current,-144.7,4287.13,2025,10,13,Monday,9,144.7,Aldi,Food & Dining,Germany,Berlin
Transfer,Current,-56.08,4231.05,2025,10,14,Tuesday,8,56.08,Pocket Withdrawal,Transfers & Payments,Germany,Berlin
Card Payment,Savings,-11.34,4219.71,2025,10,16,Thursday,16,11.34,Aldi,Food & Dining,Germany,Berlin
Card Payment,Deposit,-21.89,4197.82,2025,10,17,Friday,22,21.89,Gas Company,Utilities & Bills,Germany,Berlin
Card Payment,Deposit,-12.77,4185.05,2025,10,17,Friday,12,12.77,Lidl,Food & Dining,Germany,Berlin
Interest,Deposit,0.24,4185.29,2025,10,18,Saturday,19,0.24,Bank Interest,Financial Services,Germany,Berlin
Transfer,Savings,-36.18,4149.11,2025,10,19,Sunday,14,36.18,Bank Transfer,Transfers & Payments,Germany,Berlin
Card Payment,Savings,-55.87,4093.24,2025,10,19,Sunday,19,55.87,Streaming Service,Entertainment & Recreation,Germany,Berlin
Card Payment,Deposit,-11.38,4081.86,2025,10,20,Monday,2,11.38,REWE,Food & Dining,Germany,Berlin
Transfer,Deposit,-97.05,3984.81,2025,10,22,Wednesday,13,97.05,Pocket Withdrawal,Transfers & Payments,Germany,Berlin
Card Payment,Deposit,-18.13,3966.68,2025,10,23,Thursday,12,18.13,Gym Membership,Entertainment & Recreation,Germany,Berlin
Transfer,Current,-96.43,3870.25,2025,10,24,Friday,6,96.43,Money Transfer,Transfers & Payments,Germany,Berlin
Card Payment,Current,-3.98,3866.27,2025,10,25,Saturday,9,3.98,Aldi,Food & Dining,Germany,Berlin
Transfer,Current,-74.4,3791.87,2025,10,26,Sunday,15,74.4,Bank Transfer,Transfers & Payments,Germany,Berlin
Fee,Current,-8.81,3783.06,2025,10,26,Sunday,8,8.81,Transaction Fee,Fees & Charges,Germany,Berlin
Transfer,Current,-68.46,3714.6,2025,10,28,Tuesday,21,68.46,Bank Transfer,Transfers & Payments,Germany,Berlin
Card Payment,Deposit,-30.06,3684.54,2025,10,28,Tuesday,10,30.06,Bakery Berlin,Food & Dining,Germany,Berlin
Transfer,Deposit,-95.02,3589.52,2025,10,28,Tuesday,11,95.02,Money Transfer,Transfers & Payments,Germany,Berlin
Card Payment,Current,-65.1,3524.42,2025,10,28,Tuesday,2,65.1,Currywurst Stand,Food & Dining,Germany,Berlin
Card Payment,Deposit,-62.24,3462.18,2025,10,29,Wednesday,22,62.24,University,Education,Germany,Berlin
Card Payment,Savings,-20.22,3441.96,2025,10,29,Wednesday,12,20.22,REWE,Food & Dining,Germany,Berlin
Topup,Current,1000.97,4442.93,2025,11,1,Saturday,10,1000.97,Investment Return,Income & Deposits,France,Paris
Card Payment,Deposit,-27.95,4414.98,2025,11,2,Sunday,13,27.95,Vélib,Transportation,France,Paris
Card Payment,Current,-30.57,4384.41,2025,11,3,Monday,13,30.57,Hair Salon,Personal Care & Services,France,Paris
Transfer,Deposit,-620.95,3763.46,2025,11,4,Tuesday,23,620.95,Money Transfer,Transfers & Payments,France,Paris
Card Payment,Savings,-21.51,3741.95,2025,11,7,Friday,14,21.51,Gym Membership,Entertainment & Recreation,France,Paris
Card Payment,Savings,-3.61,3738.34,2025,11,8,Saturday,5,3.61,Printemps,Shopping & Retail,France,Paris
Reward,Current,2.97,3741.31,2025,11,8,Saturday,11,2.97,Refund,Income & Deposits,France,Paris
Fee,Savings,-6.88,3734.43,2025,11,9,Sunday,6,6.88,Service Fee,Fees & Charges,France,Paris
Card Payment,Current,-22.39,3712.04,2025,11,10,Monday,7,22.39,Carrefour Paris,Food & Dining,France,Paris
Card Payment,Deposit,-18.61,3693.43,2025,11,10,Monday,10,18.61,Boulangerie,Food & Dining,France,Paris
Reward,Savings,3.49,3696.92,2025,11,12,Wednesday,16,3.49,Investment Return,Income & Deposits,France,Paris
Card Payment,Savings,-29.71,3667.21,2025,11,12,Wednesday,14,29.71,Gas Company,Utilities & Bills,France,Paris
Transfer,Savings,-111.6,3555.61,2025,11,15,Saturday,12,111.6,Bank Transfer,Transfers & Payments,France,Paris
Card Payment,Deposit,-27.91,3527.7,2025,11,15,Saturday,10,27.91,Café Parisien,Food & Dining,France,Paris
Card Payment,Current,-2.77,3524.93,2025,11,15,Saturday,21,2.77,Galeries Lafayette,Shopping & Retail,France,Paris
Card Payment,Deposit,-33.55,3491.38,2025,11,15,Saturday,17,33.55,Vélib,Transportation,France,Paris
Card Payment,Current,-6.96,3484.42,2025,11,16,Sunday,11,6.96,Carrefour Paris,Food & Dining,France,Paris
Card Payment,Deposit,-4.54,3479.88,2025,11,16,Sunday,6,4.54,Gym Membership,Entertainment & Recreation,France,Paris
Exchange,Deposit,48.47,3528.35,2025,11,17,Monday,18,48.47,Louvre Shop,Other,France,Paris
Card Payment,Deposit,-27.34,3501.01,2025,11,19,Wednesday,16,27.34,Vélib,Transportation,France,Paris
Card Payment,Current,-5.9,3495.11,2025,11,19,Wednesday,17,5.9,Carrefour Paris,Food & Dining,France,Paris
Interest,Deposit,0.92,3496.03,2025,11,20,Thursday,18,0.92,Bank Interest,Financial Services,France,Paris
Transfer,Current,-101.68,3394.35,2025,11,20,Thursday,8,101.68,Bank Transfer,Transfers & Payments,France,Paris
Transfer,Savings,-18.67,3375.68,2025,11,20,Thursday,14,18.67,Pocket Withdrawal,Transfers & Payments,France,Paris
Card Payment,Savings,-61.53,3314.15,2025,11,21,Friday,18,61.53,Gas Company,Utilities & Bills,France,Paris
Transfer,Deposit,-60.89,3253.26,2025,11,21,Friday,12,60.89,Bank Transfer,Transfers & Payments,France,Paris
Fee,Deposit,-7.14,3246.12,2025,11,23,Sunday,17,7.14,Monthly Fee,Fees & Charges,France,Paris
Card Payment,Current,-146.59,3099.53,2025,11,23,Sunday,15,146.59,Franprix,Food & Dining,France,Paris
Card Payment,Savings,-29.28,3070.25,2025,11,23,Sunday,17,29.28,Carrefour Paris,Food & Dining,France,Paris
Card Refund,Current,13.35,3083.6,2025,11,25,Tuesday,11,13.35,RATP,Transportation,France,Paris
Card Payment,Deposit,-56.86,3026.74,2025,11,28,Friday,16,56.86,Electric Company,Utilities & Bills,France,Paris
Reward,Current,3.66,3030.4,2025,11,30,Sunday,15,3.66,Salary Payment,Income & Deposits,France,Paris
Card Refund,Current,24.85,3055.25,2025,12,2,Tuesday,16,24.85,Printemps,Shopping & Retail,France,Paris
Card Payment,Deposit,-21.33,3033.92,2025,12,2,Tuesday,16,21.33,Galeries Lafayette,Shopping & Retail,France,Paris
Transfer,Savings,-19.95,3013.97,2025,12,3,Wednesday,12,19.95,Bank Transfer,Transfers & Payments,France,Paris
Card Payment,Deposit,-23.53,2990.44,2025,12,3,Wednesday,9,23.53,Bolt Paris,Transportation,France,Paris
Card Payment,Current,-21.38,2969.06,2025,12,4,Thursday,13,21.38,Monoprix,Food & Dining,France,Paris
Card Payment,Deposit,-62.94,2906.12,2025,12,4,Thursday,14,62.94,Café Parisien,Food & Dining,France,Paris
Topup,Savings,1002.41,3908.53,2025,12,5,Friday,10,1002.41,Refund,Income & Deposits,France,Paris
Transfer,Deposit,-88.25,3820.28,2025,12,6,Saturday,16,88.25,Pocket Withdrawal,Transfers & Payments,France,Paris
Card Payment,Current,-15.3,3804.98,2025,12,7,Sunday,12,15.3,SNCF,Transportation,France,Paris
Card Payment,Savings,-16.41,3788.57,2025,12,8,Monday,17,16.41,Franprix,Food & Dining,France,Paris
Transfer,Savings,-100.9,3687.67,2025,12,9,Tuesday,21,100.9,Pocket Withdrawal,Transfers & Payments,France,Paris
Transfer,Savings,-64.63,3623.04,2025,12,9,Tuesday,1,64.63,Bank Transfer,Transfers & Payments,France,Paris
Transfer,Current,-24.07,3598.97,2025,12,11,Thursday,18,24.07,Bank Transfer,Transfers & Payments,France,Paris
Fee,Deposit,-5.99,3592.98,2025,12,14,Sunday,20,5.99,Monthly Fee,Fees & Charges,France,Paris
Card Payment,Deposit,-32.0,3560.98,2025,12,15,Monday,7,32.0,Boulangerie,Food & Dining,France,Paris
Card Payment,Current,-4.02,3556.96,2025,12,17,Wednesday,10,4.02,Café Parisien,Food & Dining,France,Paris
Transfer,Deposit,-94.69,3462.27,2025,12,17,Wednesday,15,94.69,Bank Transfer,Transfers & Payments,France,Paris
Card Payment,Savings,-26.08,3436.19,2025,12,18,Thursday,11,26.08,Boulangerie,Food & Dining,France,Paris
Card Payment,Savings,-4.86,3431.33,2025,12,19,Friday,10,4.86,Boulangerie,Food & Dining,France,Paris
Card Payment,Savings,-13.12,3418.21,2025,12,24,Wednesday,10,13.12,Streaming Service,Entertainment & Recreation,France,Paris
Reward,Deposit,4.57,3422.78,2025,12,25,Thursday,17,4.57,Salary Payment,Income & Deposits,France,Paris
Card Payment,Current,-12.13,3410.65,2025,12,28,Sunday,14,12.13,Streaming Service,Entertainment & Recreation,France,Paris
Card Payment,Current,-26.42,3384.23,2025,12,29,Monday,16,26.42,SNCF,Transportation,France,Paris
Card Payment,Deposit,-33.8,3350.43,2025,12,30,Tuesday,7,33.8,Franprix,Food & Dining,France,Paris
Transfer,Savings,-21.29,3329.14,2025,12,31,Wednesday,1,21.29,Bank Transfer,Transfers & Payments,France,Paris
Topup,Current,1004.3,4333.44,2026,1,1,Thursday,11,1004.3,Salary Payment,Income & Deposits,France,Paris
Transfer,Savings,-71.11,4262.33,2026,1,2,Friday,22,71.11,Payment Received,Transfers & Payments,France,Paris
Card Payment,Savings,-46.88,4215.45,2026,1,3,Saturday,22,46.88,Laundry Service,Personal Care & Services,France,Paris
Transfer,Savings,-75.82,4139.63,2026,1,5,Monday,15,75.82,Bank Transfer,Transfers & Payments,France,Paris
Card Payment,Current,-13.5,4126.13,2026,1,6,Tuesday,13,13.5,Café Parisien,Food & Dining,France,Paris
Card Payment,Deposit,-22.56,4103.57,2026,1,7,Wednesday,14,22.56,Cinema,Entertainment & Recreation,France,Paris
Card Payment,Deposit,-29.97,4073.6,2026,1,7,Wednesday,4,29.97,Gym Membership,Entertainment & Recreation,France,Paris
Card Payment,Savings,-21.07,4052.53,2026,1,8,Thursday,19,21.07,Gas Company,Utilities & Bills,France,Paris
Card Payment,Deposit,-24.06,4028.47,2026,1,10,Saturday,13,24.06,Internet Provider,Utilities & Bills,France,Paris
Card Payment,Current,-30.97,3997.5,2026,1,10,Saturday,8,30.97,Franprix,Food & Dining,France,Paris
Card Payment,Deposit,-18.65,3978.85,2026,1,11,Sunday,18,18.65,Café Parisien,Food & Dining,France,Paris
Card Payment,Deposit,-29.66,3949.19,2026,1,11,Sunday,23,29.66,Galeries Lafayette,Shopping & Retail,France,Paris
Transfer,Current,-59.13,3890.06,2026,1,11,Sunday,16,59.13,Money Transfer,Transfers & Payments,France,Paris
Card Payment,Savings,-28.23,3861.83,2026,1,12,Monday,12,28.23,Franprix,Food & Dining,France,Paris
Transfer,Deposit,-67.88,3793.95,2026,1,16,Friday,10,67.88,Pocket Withdrawal,Transfers & Payments,France,Paris
Card Payment,Deposit,-16.96,3776.99,2026,1,16,Friday,11,16.96,Boulangerie,Food & Dining,France,Paris
Fee,Deposit,-13.22,3763.77,2026,1,17,Saturday,21,13.22,Transaction Fee,Fees & Charges,France,Paris
Card Payment,Deposit,-54.67,3709.1,2026,1,18,Sunday,9,54.67,Franprix,Food & Dining,France,Paris
Card Payment,Deposit,-74.35,3634.75,2026,1,18,Sunday,17,74.35,RATP,Transportation,France,Paris
Transfer,Current,-25.45,3609.3,2026,1,20,Tuesday,8,25.45,Bank Transfer,Transfers & Payments,France,Paris
Card Payment,Savings,-22.11,3587.19,2026,1,21,Wednesday,19,22.11,Carrefour Paris,Food & Dining,France,Paris
Transfer,Current,-103.99,3483.2,2026,1,22,Thursday,14,103.99,Bank Transfer,Transfers & Payments,France,Paris
Card Payment,Savings,-13.49,3469.71,2026,1,22,Thursday,10,13.49,Streaming Service,Entertainment & Recreation,France,Paris
Card Payment,Deposit,-7.62,3462.09,2026,1,22,Thursday,21,7.62,Event Ticket,Entertainment & Recreation,France,Paris
Transfer,Savings,-30.68,3431.41,2026,1,24,Saturday,11,30.68,Money Transfer,Transfers & Payments,France,Paris
Card Payment,Deposit,-75.19,3356.22,2026,1,24,Saturday,18,75.19,Vélib,Transportation,France,Paris
Card Payment,Savings,-24.51,3331.71,2026,1,27,Tuesday,19,24.51,Carrefour Paris,Food & Dining,France,Paris
Card Payment,Current,-34.58,3297.13,2026,1,30,Friday,12,34.58,Carrefour Paris,Food & Dining,France,Paris
Transfer,Savings,-31.76,3265.37,2026,1,31,Saturday,15,31.76,Payment Received,Transfers & Payments,France,Paris
Reward,Savings,2.49,3267.86,2026,2,1,Sunday,9,2.49,Freelance Payment,Income & Deposits,France,Paris
Topup,Savings,1002.19,4270.05,2026,2,3,Tuesday,3,1002.19,Investment Return,Income & Deposits,France,Paris
Transfer,Current,-88.71,4181.34,2026,2,5,Thursday,21,88.71,Pocket Withdrawal,Transfers & Payments,France,Paris
Card Payment,Deposit,-71.84,4109.5,2026,2,5,Thursday,10,71.84,Café Parisien,Food & Dining,France,Paris
Card Payment,Current,-42.79,4066.71,2026,2,5,Thursday,10,42.79,FNAC,Shopping & Retail,France,Paris
Card Payment,Deposit,-6.1,4060.61,2026,2,6,Friday,17,6.1,Carrefour Paris,Food & Dining,France,Paris
Card Payment,Deposit,-20.06,4040.55,2026,2,7,Saturday,13,20.06,Bookstore,Education,France,Paris
Card Payment,Deposit,-8.21,4032.34,2026,2,8,Sunday,20,8.21,University,Education,France,Paris
Card Payment,Current,-12.65,4019.69,2026,2,9,Monday,17,12.65,Monoprix,Food & Dining,France,Paris
Card Payment,Current,-20.7,3998.99,2026,2,9,Monday,19,20.7,Laundry Service,Personal Care & Services,France,Paris
Transfer,Current,-106.15,3892.84,2026,2,10,Tuesday,16,106.15,Bank Transfer,Transfers & Payments,France,Paris
Transfer,Current,-92.65,3800.19,2026,2,11,Wednesday,14,92.65,Pocket Withdrawal,Transfers & Payments,France,Paris
Card Payment,Current,-98.54,3701.65,2026,2,12,Thursday,14,98.54,Carrefour Paris,Food & Dining,France,Paris
Transfer,Deposit,-56.41,3645.24,2026,2,12,Thursday,15,56.41,Money Transfer,Transfers & Payments,France,Paris
Card Payment,Savings,-23.82,3621.42,2026,2,12,Thursday,13,23.82,Franprix,Food & Dining,France,Paris
Transfer,Current,-30.05,3591.37,2026,2,12,Thursday,7,30.05,Pocket Withdrawal,Transfers & Payments,France,Paris
Exchange,Deposit,192.12,3783.49,2026,2,19,Thursday,11,192.12,Paris Souvenirs,Other,France,Paris
Card Payment,Deposit,-31.9,3751.59,2026,2,20,Friday,12,31.9,FNAC,Shopping & Retail,France,Paris
Card Payment,Deposit,-35.09,3716.5,2026,2,20,Friday,16,35.09,Phone Company,Utilities & Bills,France,Paris
Transfer,Savings,-18.58,3697.92,2026,2,21,Saturday,18,18.58,Money Transfer,Transfers & Payments,France,Paris
Transfer,Current,-104.15,3593.77,2026,2,22,Sunday,13,104.15,Bank Transfer,Transfers & Payments,France,Paris
Interest,Deposit,0.27,3594.04,2026,2,23,Monday,22,0.27,Investment,Financial Services,France,Paris
Card Payment,Deposit,-8.45,3585.59,2026,2,23,Monday,19,8.45,Boulangerie,Food & Dining,France,Paris
Card Payment,Current,-47.34,3538.25,2026,2,24,Tuesday,2,47.34,Laundry Service,Personal Care & Services,France,Paris
Transfer,Savings,-76.47,3461.78,2026,2,25,Wednesday,10,76.47,Payment Received,Transfers & Payments,France,Paris
Transfer,Current,-10.46,3451.32,2026,2,26,Thursday,17,10.46,Payment Received,Transfers & Payments,France,Paris
Transfer,Savings,-63.1,3388.22,2026,2,26,Thursday,12,63.1,Bank Transfer,Transfers & Payments,France,Paris
Transfer,Deposit,-62.19,3326.03,2026,2,26,Thursday,13,62.19,Payment Received,Transfers & Payments,France,Paris
Card Payment,Savings,-12.52,3313.51,2026,2,28,Saturday,15,12.52,Monoprix,Food & Dining,France,Paris
Card Payment,Deposit,-76.42,3237.09,2026,2,28,Saturday,20,76.42,University,Education,France,Paris
Card Payment,Deposit,-4.58,3232.51,2026,2,28,Saturday,13,4.58,Café Parisien,Food & Dining,France,Paris
Transfer,Savings,-33.92,3198.59,2026,3,2,Monday,18,33.92,Payment Received,Transfers & Payments,France,Paris
Transfer,Savings,-107.48,3091.11,2026,3,2,Monday,14,107.48,Bank Transfer,Transfers & Payments,France,Paris
Topup,Current,1002.72,4093.83,2026,3,3,Tuesday,15,1002.72,Salary Payment,Income & Deposits,France,Paris
Card Payment,Current,-11.47,4082.36,2026,3,4,Wednesday,13,11.47,Café Parisien,Food & Dining,France,Paris
Card Payment,Deposit,-48.01,4034.35,2026,3,5,Thursday,20,48.01,RATP,Transportation,France,Paris
Card Payment,Savings,-47.42,3986.93,2026,3,5,Thursday,17,47.42,RATP,Transportation,France,Paris
Card Payment,Deposit,-75.68,3911.25,2026,3,5,Thursday,20,75.68,Cinema,Entertainment & Recreation,France,Paris
Transfer,Current,20.63,3931.88,2026,3,6,Friday,15,20.63,Pocket Withdrawal,Transfers & Payments,France,Paris
Card Payment,Current,-7.73,3924.15,2026,3,7,Saturday,9,7.73,Franprix,Food & Dining,France,Paris
Card Payment,Savings,-18.95,3905.2,2026,3,7,Saturday,18,18.95,Water Utility,Utilities & Bills,France,Paris
Card Payment,Savings,-57.0,3848.2,2026,3,9,Monday,19,57.0,Café Parisien,Food & Dining,France,Paris
Card Payment,Current,-59.3,3788.9,2026,3,10,Tuesday,21,59.3,SNCF,Transportation,France,Paris
Transfer,Deposit,-66.32,3722.58,2026,3,10,Tuesday,10,66.32,Payment Received,Transfers & Payments,France,Paris
Transfer,Savings,-81.76,3640.82,2026,3,11,Wednesday,13,81.76,Pocket Withdrawal,Transfers & Payments,France,Paris
Card Payment,Deposit,-13.6,3627.22,2026,3,13,Friday,11,13.6,Franprix,Food & Dining,France,Paris
Card Payment,Savings,-57.94,3569.28,2026,3,14,Saturday,7,57.94,Bookstore,Education,France,Paris
Transfer,Deposit,-63.19,3506.09,2026,3,15,Sunday,19,63.19,Pocket Withdrawal,Transfers & Payments,France,Paris
Transfer,Savings,-109.73,3396.36,2026,3,15,Sunday,14,109.73,Bank Transfer,Transfers & Payments,France,Paris
Card Payment,Current,-21.07,3375.29,2026,3,16,Monday,12,21.07,Boulangerie,Food & Dining,France,Paris
Card Payment,Deposit,-18.98,3356.31,2026,3,16,Monday,14,18.98,Monoprix,Food & Dining,France,Paris
Card Payment,Deposit,-3.79,3352.52,2026,3,16,Monday,12,3.79,Galeries Lafayette,Shopping & Retail,France,Paris
Card Payment,Deposit,-31.82,3320.7,2026,3,16,Monday,20,31.82,Internet Provider,Utilities & Bills,France,Paris
Card Payment,Current,-31.8,3288.9,2026,3,17,Tuesday,19,31.8,Boulangerie,Food & Dining,France,Paris
Card Payment,Deposit,-45.9,3243.0,2026,3,18,Wednesday,17,45.9,Phone Company,Utilities & Bills,France,Paris
Card Payment,Deposit,-73.6,3169.4,2026,3,18,Wednesday,15,73.6,Café Parisien,Food & Dining,France,Paris
Card Payment,Savings,-23.27,3146.13,2026,3,21,Saturday,6,23.27,Boulangerie,Food & Dining,France,Paris
Card Payment,Deposit,-64.12,3082.01,2026,3,21,Saturday,15,64.12,Hair Salon,Personal Care & Services,France,Paris
Card Payment,Deposit,-53.72,3028.29,2026,3,21,Saturday,23,53.72,Bolt Paris,Transportation,France,Paris
Card Payment,Deposit,-19.37,3008.92,2026,3,22,Sunday,18,19.37,SNCF,Transportation,France,Paris
Card Payment,Deposit,-39.92,2969.0,2026,3,23,Monday,22,39.92,RATP,Transportation,France,Paris
Card Payment,Current,-2.8,2966.2,2026,3,25,Wednesday,10,2.8,Electric Company,Utilities & Bills,France,Paris
Exchange,Deposit,-145.29,2820.91,2026,3,25,Wednesday,21,145.29,Eiffel Tower,Other,France,Paris
Fee,Current,-12.48,2808.43,2026,3,26,Thursday,13,12.48,Monthly Fee,Fees & Charges,France,Paris
Card Payment,Deposit,-26.65,2781.78,2026,3,26,Thursday,13,26.65,Monoprix,Food & Dining,France,Paris
Card Payment,Current,-7.72,2774.06,2026,3,26,Thursday,11,7.72,Carrefour Paris,Food & Dining,France,Paris
Card Refund,Deposit,9.39,2783.45,2026,3,29,Sunday,18,9.39,FNAC,Shopping & Retail,France,Paris
Transfer,Deposit,-26.18,2757.27,2026,3,30,Monday,9,26.18,Payment Received,Transfers & Payments,France,Paris
Transfer,Current,-11.72,2745.55,2026,3,30,Monday,15,11.72,Money Transfer,Transfers & Payments,France,Paris
Topup,Savings,1001.28,3746.83,2026,4,1,Wednesday,21,1001.28,Refund,Income & Deposits,France,Paris
Transfer,Savings,-26.87,3719.96,2026,4,2,Thursday,14,26.87,Pocket Withdrawal,Transfers & Payments,France,Paris
Card Payment,Savings,-78.43,3641.53,2026,4,3,Friday,18,78.43,Student Services,Education,France,Paris
Transfer,Deposit,36.67,3678.2,2026,4,5,Sunday,22,36.67,Money Transfer,Transfers & Payments,France,Paris
Reward,Deposit,4.79,3682.99,2026,4,5,Sunday,16,4.79,Salary Payment,Income & Deposits,France,Paris
Transfer,Deposit,-11.18,3671.81,2026,4,6,Monday,13,11.18,Payment Received,Transfers & Payments,France,Paris
Card Payment,Savings,-59.45,3612.36,2026,4,7,Tuesday,5,59.45,Franprix,Food & Dining,France,Paris
Card Payment,Deposit,-41.75,3570.61,2026,4,7,Tuesday,9,41.75,Online Course,Education,France,Paris
Card Payment,Savings,-6.75,3563.86,2026,4,8,Wednesday,19,6.75,Internet Provider,Utilities & Bills,France,Paris
Fee,Deposit,-7.25,3556.61,2026,4,8,Wednesday,19,7.25,Monthly Fee,Fees & Charges,France,Paris
Transfer,Deposit,-82.63,3473.98,2026,4,9,Thursday,11,82.63,Payment Received,Transfers & Payments,France,Paris
Transfer,Savings,-60.67,3413.31,2026,4,11,Saturday,15,60.67,Payment Received,Transfers & Payments,France,Paris
Card Payment,Savings,-81.88,3331.43,2026,4,11,Saturday,11,81.88,Bookstore,Education,France,Paris
Card Payment,Savings,-18.19,3313.24,2026,4,12,Sunday,1,18.19,Printemps,Shopping & Retail,France,Paris
Card Payment,Savings,-15.64,3297.6,2026,4,12,Sunday,10,15.64,Monoprix,Food & Dining,France,Paris
Exchange,Deposit,187.71,3485.31,2026,4,13,Monday,15,187.71,Louvre Shop,Other,France,Paris
Card Payment,Deposit,-80.79,3404.52,2026,4,13,Monday,8,80.79,Galeries Lafayette,Shopping & Retail,France,Paris
Reward,Deposit,3.38,3407.9,2026,4,15,Wednesday,17,3.38,Investment Return,Income & Deposits,France,Paris
Card Payment,Savings,-34.39,3373.51,2026,4,15,Wednesday,21,34.39,RATP,Transportation,France,Paris
Card Payment,Current,-24.21,3349.3,2026,4,15,Wednesday,20,24.21,Bolt Paris,Transportation,France,Paris
Card Payment,Current,-17.31,3331.99,2026,4,16,Thursday,14,17.31,RATP,Transportation,France,Paris
Card Payment,Deposit,-20.4,3311.59,2026,4,16,Thursday,0,20.4,Franprix,Food & Dining,France,Paris
Card Payment,Savings,-15.78,3295.81,2026,4,16,Thursday,13,15.78,Café Parisien,Food & Dining,France,Paris
Card Payment,Current,-10.02,3285.79,2026,4,18,Saturday,18,10.02,Streaming Service,Entertainment & Recreation,France,Paris
Card Payment,Current,-24.68,3261.11,2026,4,20,Monday,21,24.68,Café Parisien,Food & Dining,France,Paris
Card Payment,Deposit,-79.66,3181.45,2026,4,21,Tuesday,11,79.66,Bolt Paris,Transportation,France,Paris
Fee,Current,-4.67,3176.78,2026,4,21,Tuesday,19,4.67,Transaction Fee,Fees & Charges,France,Paris
Exchange,Deposit,98.05,3274.83,2026,4,25,Saturday,11,98.05,Paris Souvenirs,Other,France,Paris
Reward,Deposit,3.6,3278.43,2026,4,25,Saturday,13,3.6,Salary Payment,Income & Deposits,France,Paris
Card Payment,Savings,-10.91,3267.52,2026,4,25,Saturday,12,10.91,Boulangerie,Food & Dining,France,Paris
Transfer,Deposit,-91.95,3175.57,2026,4,25,Saturday,17,91.95,Payment Received,Transfers & Payments,France,Paris
Card Payment,Savings,-12.87,3162.7,2026,4,25,Saturday,13,12.87,Internet Provider,Utilities & Bills,France,Paris
Card Payment,Deposit,-11.04,3151.66,2026,4,26,Sunday,15,11.04,Monoprix,Food & Dining,France,Paris
Card Payment,Deposit,-4.9,3146.76,2026,4,27,Monday,20,4.9,Franprix,Food & Dining,France,Paris
Card Payment,Current,-29.18,3117.58,2026,4,27,Monday,12,29.18,SNCF,Transportation,France,Paris
Card Payment,Deposit,-30.53,3087.05,2026,4,29,Wednesday,12,30.53,Gym Membership,Entertainment & Recreation,France,Paris
Transfer,Savings,-18.8,3068.25,2026,4,29,Wednesday,11,18.8,Payment Received,Transfers & Payments,France,Paris
